narrative_best_label,S1,S2,S3,S4,S5,Missing_total
0,8.456140350877194,23.56140350877193,4.035087719298246,4.473684210526316,3.1228070175438596,1.1578947369298247
1,6.352941176470588,15.470588235294118,1.8431372549019607,3.450980392156863,2.1372549019607843,17.47058823547059
2,10.694117647058823,28.51764705882353,4.2823529411764705,5.247058823529412,4.0588235294117645,2.0229102167882353
3,13.465753424657533,32.0958904109589,4.904109589041096,6.684931506849315,5.095890410958904,0.0
4,10.481865284974093,28.04663212435233,4.331606217616581,5.393782383419689,3.7461139896373057,1.2688846468238342
5,6.653846153846154,16.71794871794872,2.3205128205128207,4.0,2.0128205128205128,13.627530364397435
