template_version,cluster_label,outcome,f_statistic,df_between,df_within,p_value,eta_squared
B,narrative_best_label,S1,52.47332045926707,14,522,1.1102230246251565e-16,0.5846021028228692
B,narrative_best_label,S2,109.45454329220364,14,522,1.1102230246251565e-16,0.7459067136643407
B,narrative_best_label,S3,41.56893193910937,14,522,1.1102230246251565e-16,0.5271589428046075
B,narrative_best_label,S4,19.168334679773395,14,522,1.1102230246251565e-16,0.3395387050358719
B,narrative_best_label,S5,23.754879233955712,14,522,1.1102230246251565e-16,0.38916527288190333
