narrative_best_label,S1,S2,S3,S4,S5,Missing_total
0,9.67741935483871,26.85483870967742,4.032258064516129,4.741935483870968,3.5161290322580645,1.6528013583548387
1,6.466666666666667,15.588888888888889,1.9,3.7555555555555555,2.066666666666667,16.7122807019
2,10.314606741573034,27.573033707865168,4.258426966292135,5.438202247191011,3.561797752808989,1.1709047900674157
3,10.108527131782946,27.162790697674417,4.310077519379845,5.4728682170542635,3.798449612403101,0.9559363524806201
4,6.6923076923076925,17.692307692307693,2.6666666666666665,3.8461538461538463,2.051282051282051,11.534412955410257
5,11.927272727272728,29.527272727272727,4.527272727272727,5.6,4.490909090909091,2.242105263181818
6,12.58904109589041,31.17808219178082,4.8493150684931505,6.0,4.739726027397261,0.40447007931506845
