template_version,cluster_label,outcome,f_statistic,df_between,df_within,p_value,eta_squared
A,narrative_best_label,S1,77.54652209273631,6,530,1.1102230246251565e-16,0.4674860723356353
A,narrative_best_label,S2,174.821341757649,6,530,1.1102230246251565e-16,0.6643292265174722
A,narrative_best_label,S3,94.0428366198988,6,530,1.1102230246251565e-16,0.5156530957088022
A,narrative_best_label,S4,25.015235999033578,6,530,1.1102230246251565e-16,0.220693001653003
A,narrative_best_label,S5,40.441773387234356,6,530,1.1102230246251565e-16,0.31404962043626933
