Model Name,Internal Score,"ARI (vs Numeric)
Score","Mean Eta^2
Score",Composite
Strategy C + MiniLM (K=8),0.9204604610450652,0.9265477439664219,0.9463166144200628,0.9339972660246996
Strategy B + MPNet (K=10),0.8224798187890302,0.7492130115424974,1.0,0.9039132286698619
Strategy B + MiniLM (K=6),0.7614315270241313,0.963273871983211,0.9529780564263324,0.8773890262211398
Strategy C + MPNet (K=7),0.8563316409820981,1.0,0.8550156739811913,0.8700404933834348
Numeric Baseline (K=5),0.42108843639783594,0.963273871983211,0.776554888696491,0.653040206105701
Strategy A + MiniLM (K=10),0.25610362104163503,0.3289611752360966,0.25,0.2603375659402637
Strategy A + MPNet (K=9),0.21198241441194746,0.17051416579223505,0.10677899686520377,0.15523388077660438
