gmm_bic_best_label,count,share
0,126,0.2346368715083799
1,123,0.22905027932960895
2,72,0.1340782122905028
3,152,0.28305400372439476
4,64,0.1191806331471136
