template_version,cluster_label,outcome,f_statistic,df_between,df_within,p_value,eta_squared
B,narrative_best_label,S1,26.1824752875157,28,508,1.1102230246251565e-16,0.5906887518247873
B,narrative_best_label,S2,55.269657434110464,28,508,1.1102230246251565e-16,0.7528642460021486
B,narrative_best_label,S3,22.69282468181066,28,508,1.1102230246251565e-16,0.5557106840837049
B,narrative_best_label,S4,10.823521542561506,28,508,1.1102230246251565e-16,0.3736580833975614
B,narrative_best_label,S5,11.398243264783817,28,508,1.1102230246251565e-16,0.3858435571965221
