template_version,cluster_label,outcome,f_statistic,df_between,df_within,p_value,eta_squared
B,narrative_best_label,S1,52.09155302210416,14,522,1.1102230246251565e-16,0.5828277658422809
B,narrative_best_label,S2,108.32878672095674,14,522,1.1102230246251565e-16,0.7439422995103618
B,narrative_best_label,S3,42.989375622028156,14,522,1.1102230246251565e-16,0.535525723751097
B,narrative_best_label,S4,19.38942844805114,14,522,1.1102230246251565e-16,0.3421152115863923
B,narrative_best_label,S5,23.01133343147481,14,522,1.1102230246251565e-16,0.3816328378033488
