Subject,H_statistic,p_value,Significant_001,Eta_squared
S1,266.77698470191626,4.754680185680213e-53,True,0.4901079255718111
S2,347.9659597841175,2.4605419468781494e-70,True,0.6438749238335558
S3,247.28145209705337,6.492738400620589e-49,True,0.45318456836563137
S4,156.5963842496598,8.229523920303258e-30,True,0.281432545927386
S5,173.79401559813303,2.0656176042525497e-33,True,0.3140038174207065
