Cluster,Tier,S2_Mean
0.0,HIGH,29.574468085106385
1.0,LOW,15.588888888888889
2.0,MEDIUM,25.47058823529412
3.0,HIGH,32.31578947368421
4.0,HIGH,30.33333333333333
5.0,LOW,17.692307692307693
6.0,HIGH,28.12
7.0,MEDIUM,26.33783783783784
