Model,PCA_dims,Explained_Var,Best_K,Best_Cov,Silhouette_Cosine,Silhouette_Euclidean,Calinski_Harabasz,Davies_Bouldin,ARI_vs_Numeric,Mean_Eta2,Eta2_S1,Eta2_S2,Eta2_S3,Eta2_S4,Eta2_S5
MiniLM,8,0.9316353,8,full,0.4879743754863739,0.4094997,282.27838,1.0770222383092232,0.1988800462367863,0.4829505406497751,0.538559161758851,0.7129140350866381,0.5195291494247779,0.3008196863632908,0.34293067061531773
MiniLM,11,0.95027906,10,tied,0.5710651278495789,0.45245147,287.9917,0.8828602451356493,0.14657205790151756,0.4821908984326818,0.5336224402323633,0.7006166809315585,0.5231844258978992,0.3056252304091354,0.3479057146924525
MiniLM,20,0.971651,9,tied,0.6089709997177124,0.439744,255.81535,0.8703807046202068,0.13773248772298138,0.46830691834483185,0.5156892167724954,0.6875469835838118,0.5174026209266471,0.2857158402554911,0.33517993018571374
MPNet,8,0.94686437,7,full,0.44257402420043945,0.34632438,353.747,1.3698413494367194,0.18141916817750178,0.4364422033302365,0.4674860723356353,0.6643292265174722,0.5156530957088022,0.220693001653003,0.31404962043626933
MPNet,11,0.9693979,10,tied,0.5206629037857056,0.3949075,317.9114,0.9544353155613555,0.12559923050176924,0.47081036826775824,0.5163755566967263,0.6875540582586418,0.5174684432333454,0.29381108758821606,0.3388426955618617
MPNet,20,0.9841483,10,tied,0.5206629037857056,0.3714341,292.6904,1.002005022549291,0.12559923050176924,0.47081036826775824,0.5163755566967263,0.6875540582586418,0.5174684432333454,0.29381108758821606,0.3388426955618617
