Subject,Numeric_K4_Eta2,Narrative_K9_Eta2,Delta
S1,0.5192135960615586,0.5156892167724954,-0.0035243792890632397
S2,0.7521420890655645,0.6875469835838119,-0.06459510548175251
S3,0.547379320181571,0.5174026209266472,-0.029976699254923744
S4,0.24763956906011908,0.2857158402554911,0.03807627119537205
S5,0.3126553552552109,0.33517993018571374,0.02252457493050286
