Subject,mean,median,max
S1,1.65277711846417,1.6977039754314485,3.3697094326436505
S2,2.1059816026302958,2.2539936115553463,4.41961817126449
S3,1.388783400000388,1.2043060121037368,3.04759812079303
S4,1.190946697814373,1.0277199198221982,3.1603770024944375
S5,1.1663921574859148,1.1048327752769345,2.49721815368439
