template_version,cluster_label,outcome,f_statistic,df_between,df_within,p_value,eta_squared
A,narrative_best_label,S1,88.20130740807514,7,529,1.1102230246251565e-16,0.538559161758851
A,narrative_best_label,S2,187.66480658982312,7,529,1.1102230246251565e-16,0.7129140350866381
A,narrative_best_label,S3,81.71475951043753,7,529,1.1102230246251565e-16,0.5195291494247779
A,narrative_best_label,S4,32.514321409648744,7,529,1.1102230246251565e-16,0.3008196863632908
A,narrative_best_label,S5,39.441440226142646,7,529,1.1102230246251565e-16,0.34293067061531773
